slug,date,url,img
out-of-distribution,2023-03,https://pair.withgoogle.com/explorables/uncertainty-ood/,https://i.imgur.com/wiowPnZ.png
ravel,2023-01,https://arxiv.org/abs/2301.04518,https://i.imgur.com/nkq8cb8.png
federated-learning,2022-11,https://pair.withgoogle.com/explorables/federated-learning/,https://i.imgur.com/kJkSBy8.png
live-forecast-2022,2022-11,https://roadtolarissa.com/live-forecast-2022/,https://i.imgur.com/ahi7CjY.png
box-office-hits,2022-03,https://roadtolarissa.com/box-office-hits/,https://i.imgur.com/qMRg9YA.png
uncertainty-calibration,2022-03,https://pair.withgoogle.com/explorables/uncertainty-calibration/,https://i.imgur.com/qt53ELj.png
colormap-curves,2022-04,https://pair-code.github.io/colormap/curves/,https://i.imgur.com/KbV4yAI.png
private-and-fair,2022-01,https://pair.withgoogle.com/explorables/private-and-fair/,https://pair.withgoogle.com/explorables/images/private-and-fair-abstract.png
alphazero-knowledge,2021-11,https://arxiv.org/abs/2111.09259,https://i.imgur.com/lvTiqia.png
gnn-intro,2021-09,https://distill.pub/2021/gnn-intro/,https://i.imgur.com/jzPGE4y.png
fill-in-the-blank,2021-07,https://pair.withgoogle.com/explorables/fill-in-the-blank/,https://i.imgur.com/aZ9YxHT.png
static-rss,2021-05,https://roadtolarissa.com/static-rss/,https://i.imgur.com/GFavh7s.png
interpretability-illusion,2021-04,https://arxiv.org/abs/2104.07143,https://i.imgur.com/cf1QlBk.png
covid-wastewater,2021-04,https://soe-wbe-pilot.wl.r.appspot.com/charts#page=overview,https://i.imgur.com/gio1zXR.png
measuring-diversity,2021-03,https://pair.withgoogle.com/explorables/measuring-diversity/,https://i.imgur.com/64JpsVC.png
winampify,2021-01,https://roadtolarissa.com/winampify/,https://i.imgur.com/pv9z0Ol.png
data-leak,2020-12,https://pair.withgoogle.com/explorables/data-leak/,https://pair.withgoogle.com/explorables/images/model-inversion.png
symptoms-search-lines,2020-12,https://pair-code.github.io/covid19_symptom_dataset/,https://i.postimg.cc/PJC0pYKh/image.png
forecast-correlation,2020-10,https://roadtolarissa.com/forecast-correlation/,https://i.imgur.com/yqlACHZ.png
anonymization,2020-09,https://pair.withgoogle.com/explorables/anonymization/,https://pair.withgoogle.com/explorables/images/anonymization.png
symptoms-search-trends,2020-09,https://pair-code.github.io/covid19_symptom_dataset/map/?date=2021-01-04,https://i.imgur.com/tdKu8iU.png
playoff-probabilities,2020-09,https://roadtolarissa.com/playoff-probabilities/,https://i.imgur.com/LiSk3Sd.png
regression-discontinuity,2020-06,https://roadtolarissa.com/regression-discontinuity/,https://i.imgur.com/FL2zUAs.png
measuring-fairness,2020-05,https://pair.withgoogle.com/explorables/measuring-fairness/,https://pair.withgoogle.com/explorables/images/measuring-fairness.png
hidden-bias,2020-05,https://pair.withgoogle.com/explorables/hidden-bias/,https://pair.withgoogle.com/explorables/images/hidden-bias.png
mobility-faq,2020-05,https://support.google.com/covid19-mobility/answer/9825414,https://i.imgur.com/bjtvvzJ.png
covid19-mobility,2020-04,https://www.google.com/covid19/mobility/,https://i.imgur.com/jEQwOku.png
australian-fires,2020-02,https://blocks.roadtolarissa.com/1wheel/46874895034f5bded13c97097bf25a83,https://i.imgur.com/MkkigKh.png
nyc-neighborhoods,2020-02,https://pair-code.github.io/interpretability/uncertainty-over-space/neighborhood/,https://i.imgur.com/L8lnEEb.jpg
uncertainty-over-space,2020-02,https://pair-code.github.io/interpretability/uncertainty-over-space/,https://i.imgur.com/PiCK42n.png
pitchfork,2019-12,https://roadtolarissa.com/pitchfork,https://i.imgur.com/1TRa5SY.png
blocks,2019-10,https://blocks.roadtolarissa.com/,https://i.imgur.com/e8SzDaw.png
understanding-umap,2019-10,https://pair-code.github.io/understanding-umap/,https://pair-code.github.io/understanding-umap/share.png
scan-sorted,2019-07,https://roadtolarissa.com/scan-sorted,https://i.imgur.com/fhkwZxY.png
bert-tree,2019-06,https://pair-code.github.io/interpretability/bert-tree/,https://i.imgur.com/PoiNmfF.png
dvs-privacy,2019-03,https://roadtolarissa.com/dvs-privacy,https://i.imgur.com/9XHjYgq.png
2018-chart-diary,2018-12,http://roadtolarissa.com/2018-chart-diary,https://roadtolarissa.com/imgur-down/2018-chart-diary-promo.png
republicans-state-politics,2018-11,https://www.nytimes.com/interactive/2018/11/10/upshot/republicans-dominate-state-politics-but-democrats-made-a-dent.html,https://static01.nyt.com/images/2018/11/09/us/up-state-houses-promo-1541803667826/up-state-houses-promo-1541803667826-master1050-v2.jpg
possible-midterm-recounts,2018-11,https://www.nytimes.com/interactive/2018/11/10/us/elections/2018-possible-midterm-recounts-georgia-florida-arizona.html,https://static01.nyt.com/images/2018/11/09/us/2018-possible-midterm-recounts-georgia-florida-arizona-promo-1541820719668/2018-possible-midterm-recounts-georgia-florida-arizona-promo-1541820719668-master1050-v2.png
flushing-cbtc-finished,2018-11,http://roadtolarissa.com/flushing-cbtc-finished,https://i.imgur.com/i5njD1m.png
tracking-hurricane-michael,2018-10,https://www.nytimes.com/interactive/2018/10/08/us/tracking-hurricane-michael-path.html,https://static01.nyt.com/images/2018/10/08/us/tracking-hurricane-michael-path-promo-1539020902270/tracking-hurricane-michael-path-promo-1539020902270-master1050-v98.png
worlds-group-2018,2018-10,http://roadtolarissa.com/worlds-group-2018,http://roadtolarissa.com/images/posts/worlds-group-2018.png
hurricane-florence-flooding,2018-09,https://www.nytimes.com/interactive/2018/09/18/us/hurricane-florence-flooding.html,https://static01.nyt.com/images/2018/09/18/us/hurricane-florence-promo-1537304616488/hurricane-florence-promo-1537304616488-master1050.jpg
hurricane-florence-map,2018-09,https://www.nytimes.com/interactive/2018/09/13/us/hurricane-florence-impact-damage-map.html,https://static01.nyt.com/images/2018/09/11/us/hurricane-florence-tracking-map-promo-1536673849664/hurricane-florence-tracking-map-promo-1536673849664-master1050-v7.png
live-polling,2018-09,https://www.nytimes.com/interactive/2018/upshot/elections-polls.html,https://i.imgur.com/PVlcwbo.png
uncontested-primaries,2018-06,https://www.nytimes.com/interactive/2018/06/30/us/elections/representatives-running-unopposed-uncontested-primaries.html,https://static01.nyt.com/images/2018/09/04/us/representatives-running-unopposed-uncontested-primaries-promo-1536116329367/representatives-running-unopposed-uncontested-primaries-promo-1536116329367-master1050.jpg
primaries-turnout,2018-06,https://www.nytimes.com/interactive/2018/06/25/us/politics/midterm-primaries-voter-turnout.html,https://static01.nyt.com/images/2018/06/25/us/midterm-primaries-voter-turnout-promo-1529957148807/midterm-primaries-voter-turnout-promo-1529957148807-master1050.png
lebron-nba-finals,2018-06,https://www.nytimes.com/interactive/2018/06/08/sports/basketball/lebron-nba-finals.html,https://static01.nyt.com/images/2018/06/08/sports/lebron-promo/lebron-promo-master1050.jpg
subway-crisis,2018-05,https://www.nytimes.com/interactive/2018/05/09/nyregion/subway-crisis-mta-decisions-signals-rules.html,/images/thumbnails/train-heat.png
literate-blogging,2018-05,http://roadtolarissa.com/literate-blogging,https://i.imgur.com/3KDlIFQ.png
msi-4096,2018-05,https://roadtolarissa.com/msi-4096/,https://i.imgur.com/vgXcGio.png
hot-reload,2018-04,https://roadtolarissa.com/hot-reload/,https://i.imgur.com/ZNkXwEx.png
top-3-movies,2018-04,https://roadtolarissa.com/top-3-movies/,https://i.imgur.com/0IADOwR.png
sell-strat,2018-04,https://roadtolarissa.com/sell-strat/,https://i.imgur.com/8wKXXIe.png
mobility-animation,2018-03,https://www.nytimes.com/interactive/2018/03/27/upshot/make-your-own-mobility-animation.html,https://static01.nyt.com/images/2018/03/26/upshot/make-your-own-mobility-animation-1521838318116/make-your-own-mobility-animation-1521838318116-master1050-v6.png
arctic-ice-maximum,2018-03,https://www.nytimes.com/interactive/2018/03/23/climate/arctic-ice-maximum.html,https://static01.nyt.com/images/2018/03/23/climate/arctic-ice-maximum-1521835992567/arctic-ice-maximum-1521835992567-master1050.jpg
race-class-white-and-black,2018-03,https://www.nytimes.com/interactive/2018/03/19/upshot/race-class-white-and-black-men.html,https://static01.nyt.com/images/2018/03/20/us/race-class-white-and-black-men-promo2/race-class-white-and-black-men-promo-master1050.png
same-sex-legal,2018-02,https://roadtolarissa.com/same-sex-legal/,https://i.imgur.com/YeoOlAC.png
oracle,2018-01,https://roadtolarissa.com/oracle,https://i.imgur.com/rfwNaUx.png
tax-calculator,2017-12,https://www.nytimes.com/interactive/2017/12/17/upshot/tax-calculator.html,https://static01.nyt.com/images/2017/12/15/upshot/will-your-taxes-go-up-or-down-calculator-for-the-new-tax-plan-republican-1513403957560/will-your-taxes-go-up-or-down-calculator-for-the-new-tax-plan-republican-1513403957560-master1050.png
2017-chart-diary,2017-12,https://roadtolarissa.com/2017-chart-diary,https://roadtolarissa.com/images/posts/2017-chart-diary.png
every-tax-cut,2017-11,https://www.nytimes.com/interactive/2017/11/15/us/politics/every-tax-cut-in-the-house-tax-bill.html,https://static01.nyt.com/images/2017/11/15/us/politics/every-tax-cut-in-the-house-tax-bill-1510688697984/every-tax-cut-in-the-house-tax-bill-1510688697984-master1050.png
d3-mp4,2017-11,http://roadtolarissa.com/d3-mp4,https://i.imgur.com/cDzQWHX.png
bump-stock-vegas,2017-10,https://www.nytimes.com/interactive/2017/10/04/us/bump-stock-las-vegas-gun.html,https://static01.nyt.com/images/2017/10/04/us/bump-stock-las-vegas-gun-1507131222062/bump-stock-las-vegas-gun-1507131222062-master1050-v2.png
vegas-guns,2017-10,https://www.nytimes.com/interactive/2017/10/02/us/vegas-guns.html,https://static01.nyt.com/images/2017/10/02/us/vegas-sounds/vegas-sounds-master1050-v3.png
worlds-group-2017,2017-10,http://roadtolarissa.com/worlds-group-2017,http://roadtolarissa.com/images/posts/worlds-group-2017.png
arctic-sea-ice,2017-09,https://www.nytimes.com/interactive/2017/09/22/climate/arctic-sea-ice-shrinking-trend-watch.html,https://static01.nyt.com/images/2017/09/22/climate/arctic-sea-ice-shrinking-trend-watch-1506090301026/arctic-sea-ice-shrinking-trend-watch-1506090301026-master1050-v5.jpg
hurricane-irma-records,2017-09,https://www.nytimes.com/interactive/2017/09/09/us/hurricane-irma-records.html,https://static01.nyt.com/images/2017/09/09/us/record-hurricane/record-hurricane-master1050.png
hurricane-irma-map,2017-09,https://www.nytimes.com/interactive/2017/09/05/us/hurricane-irma-map.html,https://i.imgur.com/Itl0sAI.png
hurricane-how-to,2017-09,http://roadtolarissa.com/hurricane,https://i.imgur.com/FX5qZ3x.png
houston-cries-for-help,2017-08,https://www.nytimes.com/interactive/2017/08/30/us/houston-flood-rescue-cries-for-help.html,https://static01.nyt.com/images/2017/08/30/us/houston-flood-rescue-cries-for-help-1504145710714/houston-flood-rescue-cries-for-help-1504145710714-master1050.jpg
hurricane-harvey-maps,2017-08,https://www.nytimes.com/interactive/2017/08/28/us/houston-maps-hurricane-harvey.html,https://static01.nyt.com/images/2017/08/28/us/houston-maps-hurricane-harvey-1503942493144/houston-maps-hurricane-harvey-1503942493144-master1050-v4.jpg
hurricane-harvey-rain,2017-08,https://www.nytimes.com/interactive/2017/08/24/us/hurricane-harvey-texas.html,/images/thumbnails/harvey-rain.png
affirmative-action,2017-08,https://www.nytimes.com/interactive/2017/08/24/us/affirmative-action.html,https://static01.nyt.com/images/2017/08/03/us/affirmative-action-in-colleges-and-representation-of-blacks-and-hispanics-1503525136789/affirmative-action-in-colleges-and-representation-of-blacks-and-hispanics-1503525136789-master1050-v3.png
trump-rebukes-charlottesville,2017-08,https://www.nytimes.com/interactive/2017/08/22/us/politics/trump-rebukes-charlottesville.html,https://static01.nyt.com/images/2017/08/21/us/trump-charlottesville-1503370660230/trump-charlottesville-1503370660230-master1050.png
game-of-thrones-chart,2017-08,https://www.nytimes.com/interactive/2017/08/09/upshot/game-of-thrones-chart.html,https://static01.nyt.com/images/2017/08/16/insider/game-of-thrones-chart-1502212116886/game-of-thrones-chart-1502212116886-master1050-v2.png
some-trains-dont-run-at-all,2017-08,https://www.nytimes.com/interactive/2017/08/07/nyregion/new-yorks-subways-are-not-just-delayed-some-trains-dont-run-at-all.html,https://i.imgur.com/7EBCITA.png
more-extreme-summer-heat,2017-07,https://www.nytimes.com/interactive/2017/07/28/climate/more-frequent-extreme-summer-heat.html,https://i.imgur.com/dnMA19k.png
BASEBALL-LAUNCH-ANGLE,2017-07,https://www.nytimes.com/interactive/2017/07/09/sports/baseball/BASEBALL-LAUNCH-ANGLE.html,https://static01.nyt.com/images/2017/07/09/sports/baseball/BASEBALL-LAUNCH-ANGLE-1499537467366/BASEBALL-LAUNCH-ANGLE-1499537467366-blog533-v2.png
gsw-post-season,2017-06,https://www.nytimes.com/interactive/2017/06/17/sports/basketball/golden-state-warriors-post-season.html,https://i.imgur.com/WGjLIil.png
british-general-election,2017-06,https://www.nytimes.com/interactive/2017/06/08/world/europe/british-general-election-results-analysis.html,https://static01.nyt.com/images/2017/06/08/world/europe/british-general-election-results-analysis-1496951627600/british-general-election-results-analysis-1496951627600-master1050-v11.png
trump-paris-agreement,2017-05,https://www.nytimes.com/interactive/2017/05/31/climate/trump-climate-paris-agreement.html,https://static01.nyt.com/images/2017/04/27/climate/trump-climate-paris-agreement-1496177513835/trump-climate-paris-agreement-1496177513835-master1050.png
lebron-points-record,2017-05,https://www.nytimes.com/interactive/2017/05/25/sports/basketball/lebron-career-playoff-points-record.html,https://static01.nyt.com/images/2017/05/25/sports/basketball/lebron-career-playoff-points-record-1495739283266/lebron-career-playoff-points-record-1495739283266-master1050.png
wannacry-ransomware-map,2017-05,https://www.nytimes.com/interactive/2017/05/12/world/europe/wannacry-ransomware-map.html,https://i.imgur.com/n8BfIhl.png
congress-statements-comey,2017-05,https://www.nytimes.com/interactive/2017/05/10/us/politics/congress-statements-comey.html,https://static01.nyt.com/images/2017/05/10/us/politics/congress-statements-comey-1494438245355/congress-statements-comey-1494438245355-master1050-v3.png
health-care-votes-v2,2017-05,https://www.nytimes.com/interactive/2017/05/04/us/politics/house-vote-republican-health-care-bill.html,https://static01.nyt.com/images/2017/05/04/us/politics/house-vote-republican-health-care-bill-1493910974236/house-vote-republican-health-care-bill-1493910974236-master1050-v3.png
msi-group,2017-05,http://roadtolarissa.com/msi-group,http://roadtolarissa.com/images/posts/msi-group.png
trumps-tax-proposal-cost,2017-04,https://www.nytimes.com/interactive/2017/04/26/us/politics/what-trumps-tax-proposal-will-cost.html,https://static01.nyt.com/images/2017/04/26/us/politics/what-trumps-tax-proposal-will-cost-1493256774601/what-trumps-tax-proposal-will-cost-1493256774601-master1050-v2.jpg
trump-financial-disclosure,2017-04,https://www.nytimes.com/interactive/2017/04/01/us/politics/how-much-people-in-the-trump-administration-are-worth-financial-disclosure.html,https://static01.nyt.com/images/2017/04/01/us/politics/how-much-people-in-the-trump-administration-are-worth-financial-disclosure-1491077638041/how-much-people-in-the-trump-administration-are-worth-financial-disclosure-1491077638041-blog533.png
health-care-votes-v1,2017-03,https://www.nytimes.com/interactive/2017/03/24/us/politics/house-vote-republican-health-care-bill.html,https://static01.nyt.com/images/2017/03/24/us/politics/house-vote-republican-health-care-bill-1490364092707/house-vote-republican-health-care-bill-1490364092707-master1050-v2.png
health-care-whip-count,2017-03,https://www.nytimes.com/interactive/2017/03/20/us/politics/health-care-whip-count.html,https://static01.nyt.com/images/2017/03/20/us/politics/health-care-whip-count-1490065817149/health-care-whip-count-1490065817149-master1050-v2.jpg
where-refugees-come-from,2017-03,https://www.nytimes.com/interactive/2017/03/06/world/where-refugees-come-from.html,https://static01.nyt.com/images/2017/03/06/world/where-refugees-come-from-1488845437533/where-refugees-come-from-1488845437533-master1050.png
kindle-tracker,2017-03,https://roadtolarissa.com/kindle-tracker,http://roadtolarissa.com/images/posts/kindle-tracker.png
trump-refugees-muslim,2017-02,https://www.nytimes.com/interactive/2017/02/26/us/trump-refugees-muslim.html,https://static01.nyt.com/images/2017/02/27/us/trump-refugees-muslim-1488050208661/trump-refugees-muslim-1488050208661-master1050.png
trump-cabinet-opposition,2017-02,https://www.nytimes.com/interactive/2017/02/09/us/politics/trump-cabinet-opposition.html,https://static01.nyt.com/images/2017/02/09/us/politics/trump-cabinet-opposition-1486603337427/trump-cabinet-opposition-1486603337427-master1050-v4.jpg
trump-agenda-tracker,2017-01,https://www.nytimes.com/interactive/2017/us/politics/trump-agenda-tracker.html,https://static01.nyt.com/images/2017/01/26/us/politics/trump-agenda-1485391095675/trump-agenda-1485391095675-master1050-v4.png
you-draw-obama-legacy,2017-01,https://www.nytimes.com/interactive/2017/01/15/us/politics/you-draw-obama-legacy.html,https://static01.nyt.com/images/2017/01/11/us/politics/you-draw-obama-legacy-1484349598705/you-draw-obama-legacy-1484349598705-master1050.png
cabinet-removal,2016-12,https://www.nytimes.com/interactive/2016/12/22/us/politics/cabinet-removal.html,https://static01.nyt.com/images/2016/12/22/us/politics/cabinet-removal-1482354548542/cabinet-removal-1482354548542-blog533.png
trump-climate-change,2016-12,https://www.nytimes.com/interactive/2016/12/08/us/trump-climate-change.html,https://static01.nyt.com/images/2016/12/08/us/trump-climate-change-1481174650062/trump-climate-change-1481174650062-master1050-v2.png
d3-module-faces,2016-12,https://blocks.roadtolarissa.com/1wheel/68073eeba4d19c454a8c25fcd6e9e68a,https://i.imgur.com/0aPWgaV.png
pope-francis,2016-11,https://www.nytimes.com/interactive/2016/11/18/world/europe/pope-francis-cardinals-shape-church.html,https://static01.nyt.com/images/2016/11/18/world/europe/pope-francis-cardinals-shape-church-1479418314614/pope-francis-cardinals-shape-church-1479418314614-master1050.png
rural-urban-split,2016-11,https://www.nytimes.com/2016/11/12/upshot/this-election-highlighted-a-growing-rural-urban-split.html,https://i.imgur.com/NVOLG7s.png
forecast-president,2016-11,https://www.nytimes.com/elections/forecast/president,https://i.imgur.com/lyB54bH.png
red-blue-divide,2016-11,https://www.nytimes.com/interactive/2016/11/04/us/politics/growing-divide-between-red-and-blue-america.html,https://static01.nyt.com/images/2016/11/04/us/politics/growing-divide-between-red-and-blue-america-1478196181299/growing-divide-between-red-and-blue-america-1478196181299-master1050.png
television-ads,2016-10,https://www.nytimes.com/interactive/2016/10/21/us/elections/television-ads.html,https://static01.nyt.com/images/2016/10/21/us/elections/television-ads-1477000949848/television-ads-1477000949848-master1050-v2.png
electoral-map,2016-10,https://www.nytimes.com/interactive/2016/09/20/upshot/electoral-map.html,https://static01.nyt.com/images/2016/09/20/upshot/electoral-map-1474301260955/electoral-map-1474301260955-master1050-v2.png
support-for-trump,2016-10,https://www.nytimes.com/interactive/2016/10/11/us/politics/house-and-senate-support-for-trump.html,https://static01.nyt.com/images/2016/10/10/us/politics/house-and-senate-support-for-trump-1476162470109/house-and-senate-support-for-trump-1476162470109-master1050.png
worlds-group,2016-10,https://roadtolarissa.com/worlds-group,http://roadtolarissa.com/images/posts/worlds-group.png
voters-and-nonvoters,2016-09,https://www.nytimes.com/interactive/2016/09/13/us/politics/what-separates-voters-and-nonvoters.html,https://i.imgur.com/YJD4n73.png
debate-moments,2016-09,https://www.nytimes.com/interactive/2016/09/29/us/elections/debate-moments.html,https://i.imgur.com/i7DPEio.png
new-geography-of-prisons,2016-09,https://www.nytimes.com/2016/09/02/upshot/new-geography-of-prisons.html,https://static01.nyt.com/images/2016/09/02/us/prison-admission-share/prison-admission-share-master1050.png
voter-registration,2016-08,https://www.nytimes.com/interactive/2016/08/25/us/elections/voter-registration.html,https://static01.nyt.com/images/2016/08/24/us/elections/voter-registration-1472069269686/voter-registration-1472069269686-blog533.png
2016-senate-seats-in-play,2016-08,https://www.nytimes.com/interactive/2016/08/11/us/elections/2016-senate-seats-in-play.html,https://static01.nyt.com/images/2016/08/11/us/elections/2016-senate-seats-in-play-1470868508682/2016-senate-seats-in-play-1470868508682-master1050.png
Clinton-Donors,2016-08,https://www.nytimes.com/interactive/2016/08/09/us/elections/Bush-Rubio-and-Kasich-Donors-give-to-Clinton.html,https://static01.nyt.com/images/2016/08/08/us/elections/Bush-Rubio-and-Kasich-Donors-give-to-Clinton-1470678226803/Bush-Rubio-and-Kasich-Donors-give-to-Clinton-1470678226803-blog533.png
nine-percent-of-america,2016-08,https://www.nytimes.com/interactive/2016/08/01/us/elections/nine-percent-of-america-selected-trump-and-clinton.html,https://i.imgur.com/QTawBdH.png
projecting-land,2016-08,https://roadtolarissa.com/projecting-land,http://roadtolarissa.com/images/posts/projecting-land.png
political-firsts,2016-07,https://www.nytimes.com/interactive/2016/07/25/us/politics/political-firsts.html,https://static01.nyt.com/images/2016/06/09/us/politics/political-firsts-1465593145470/political-firsts-1465593145470-master1050.jpg
airport-security,2016-07,https://www.nytimes.com/interactive/2016/07/01/world/airport-security-around-the-world.html,https://static01.nyt.com/images/2016/07/01/world/airport-security-around-the-world-1467378493722/airport-security-around-the-world-1467378493722-master1050-v2.png
-brexit-referendum,2016-06,https://www.nytimes.com/interactive/2016/06/24/world/europe/how-britain-voted-brexit-referendum.html,https://static01.nyt.com/images/2016/06/24/world/europe/how-britain-voted-brexit-referendum-1466746689036/how-britain-voted-brexit-referendum-1466746689036-master1050-v2.png
euro-2016,2016-06,https://www.nytimes.com/interactive/2016/06/16/upshot/euro-2016-how-teams-can-advance-to-the-next-round.html,https://i.imgur.com/HLIOSJM.png
trump-campaign-finance,2016-06,https://www.nytimes.com/interactive/2016/06/21/us/elections/trump-campaign-finance.html,https://static01.nyt.com/images/2016/06/21/us/politics/trump-finances-1466536881410/trump-finances-1466536881410-master1050.png
why-orlando-was-so-deadly,2016-06,https://www.nytimes.com/interactive/2016/06/12/us/why-the-orlando-shooting-was-so-deadly.html,https://i.imgur.com/c1p1fGI.png
lebron-finals-streak,2016-06,https://www.nytimes.com/interactive/2016/06/02/sports/basketball/lebron-james-nba-finals-streak.html,https://i.imgur.com/3c13aWf.png
europe-right-wing,2016-05,https://www.nytimes.com/interactive/2016/05/22/world/europe/europe-right-wing-austria-hungary.html,https://static01.nyt.com/images/2016/05/22/world/europe/europe-right-wing-austria-hungary-1463897749837/europe-right-wing-austria-hungary-1463897749837-master1050-v3.png
swoopy-drag,2016-03,http://1wheel.github.io/swoopy-drag/,https://i.imgur.com/x2M55Yl.png
line-intersection,2016-03,https://blocks.roadtolarissa.com/1wheel/464141fe9b940153e636,https://i.imgur.com/wm8XlpS.png
voroni-spiral,2016-03,https://blocks.roadtolarissa.com/1wheel/c7122eee6247b95dba09,https://i.imgur.com/TDEygIX.png
who-marries-whom,2016-02,http://www.bloomberg.com/graphics/2016-who-marries-whom/,/images/thumbnails/who-marries-whom.png
donor-network,2016-02,http://www.bloomberg.com/politics/graphics/2016-fec-filings/febuary/bush-donors/,/images/thumbnails/donor-network.png
nba-win-loss,2016-01,http://roadtolarissa.com/nba-win-loss/,/images/thumbnails/nba-win-loss.png
crossover-sales,2016-01,http://www.bloomberg.com/graphics/2016-crossover-sales/,/images/thumbnails/crossover-sales.png
nba-minutes,2016-01,http://roadtolarissa.com/nba-minutes/,/images/thumbnails/nba-minutes.png
trading-analysis,2015-12,http://www.bloomberg.com/features/2015-stock-chart-trading-game/analysis/,/images/thumbnails/trading-analysis.png
redistricting,2015-12,http://www.bloomberg.com/politics/graphics/2015-redistricting/,/images/thumbnails/redistricting.png
gsw-streak,2015-11,http://roadtolarissa.com/gsw-streak/,/images/thumbnails/gsw-streak.png
year-ahead,2015-11,http://www.bloomberg.com/graphics/year-ahead-2016/,/images/thumbnails/year-ahead.png
individual-donor,2015-10,http://www.bloomberg.com/politics/graphics/2015-october-fec-filings/charts/,/images/thumbnails/individual-donor.png
speaker-timeline,2015-10,http://www.bloomberg.com/politics/graphics/2015-paul-ryan-speaker-of-the-house/,/images/thumbnails/speaker-timeline.png
money-map,2015-09,http://www.bloomberg.com/politics/graphics/2015-presidential-money-map/,/images/thumbnails/money-map.png
spoofing,2015-09,http://www.bloomberg.com/graphics/2015-spoofing/,/images/thumbnails/spoofing.png
dumb-lawyer,2015-09,https://www.bloomberg.com/news/features/2015-08-20/are-lawyers-getting-dumber-/,https://i.imgur.com/zzvrdr4.png
lyric-type,2015-08,http://roadtolarissa.com/lyric-type/,/images/thumbnails/lyric-type.png
fifa-scandal,2015-07,http://www.bloomberg.com/graphics/2015-fifa-scandal/,/images/thumbnails/fifa-scandal.png
stacked-bump,2015-07,http://roadtolarissa.com/stacked-bump/,/images/thumbnails/stacked-bump.png
what-is-code,2015-06,http://www.bloomberg.com/whatiscode,/images/thumbnails/what-is-code.png
dangerous-jobs,2015-05,http://www.bloomberg.com/graphics/2015-dangerous-jobs/,/images/thumbnails/dangerous-jobs.png
uk-election,2015-05,http://www.bloomberg.com/graphics/2015-uk-election/,/images/thumbnails/uk-election.png
uk-splatter,2015-05,http://www.bloomberg.com/graphics/2015-uk-election/messy.html,/images/thumbnails/uk-splatter.png
weed-index,2015-04,http://www.bloomberg.com/graphics/2015-weed-index/,/images/thumbnails/weed-index.png
ncaa-gambling,2015-04,http://www.bloomberg.com/graphics/2015-march-madness-gambling/,/images/thumbnails/ncaa-gambling.png
data-exploration,2015-04,http://roadtolarissa.com/data-exploration/,/images/thumbnails/data-exploration.png
basketball-fund,2015-03,http://www.bloomberg.com/graphics/2015-march-madness-basketball-fund/,/images/thumbnails/basketball-fund.png
graph-scroll,2015-03,http://1wheel.github.io/graph-scroll/,/images/thumbnails/graph-scroll.png
measles-outbreaks,2015-02,http://www.bloomberg.com/graphics/2015-measles-outbreaks/,/images/thumbnails/measles-outbreaks.png
oscar-winners,2015-02,http://www.bloomberg.com/graphics/2015-oscar-winners/,/images/thumbnails/oscar-winners.png
svg-path,2015-02,http://roadtolarissa.com/blog/2015/02/22/svg-path-strings/,/images/thumbnails/svg-path.png
superbowl-salary,2015-01,http://www.bloomberg.com/graphics/2015-nfl-super-bowl-salary/,/images/thumbnails/superbowl-salary.png
auto-sales,2015-01,http://www.bloomberg.com/graphics/2015-auto-sales/,/images/thumbnails/auto-sales.png
space-race,2015-01,http://www.bloomberg.com/news/features/2015-01-22/the-new-space-race-one-man-s-mission-to-build-a-galactic-internet-i58i2dp6,/images/thumbnails/space-race.png
coloring-maps,2015-01,http://roadtolarissa.com/blog/2015/01/04/coloring-maps-with-d3/,/images/thumbnails/coloring-maps.png
convex-hulls,2014-12,http://roadtolarissa.com/convex-hulls/,/images/thumbnails/convex-hulls.png
campaign-declaration,2014-11,http://www.bloomberg.com/politics/articles/2014-11-25/when-do-presidential-candidates-announce,/images/thumbnails/campaign-declaration.png
live-midterm-results,2014-11,http://www.bloomberg.com/politics/topics/2014-midterms,/images/thumbnails/live-midterm-results.png
midterm-ads,2014-10,http://www.bloomberg.com/politics/graphics/2014-senate-ads-and-issues/,/images/thumbnails/midterm-ads.png
governor-jobs,2014-10,http://www.bloomberg.com/politics/graphics/2014-incumbent-governors/,/images/thumbnails/governor-jobs.png
golf-paths,2014-10,http://roadtolarissa.com/golf-paths/,/images/thumbnails/golf-paths.png
zhou-crackdown,2014-09,http://www.bloomberg.com/infographics/2014-08-04/how-to-catch-a-tiger.html,/images/thumbnails/zhou-crackdown.png
drawdown,2014-09,http://roadtolarissa.com/drawdown/,/images/thumbnails/drawdown.png
215-teeth,2014-06,http://roadtolarissa.com/215-teeth/,/images/thumbnails/215-teeth.png
world-cup,2014-05,"http://www.bloomberg.com/visual-data/world-cup/#0,0,-1",/images/thumbnails/world-cup.png
joymap,2014-03,http://roadtolarissa.com/population-division/,/images/thumbnails/joymap.png
synth-scale,2014-01,http://roadtolarissa.com/synth/,/images/thumbnails/synth-scale.png
twisters,2013-10,http://roadtolarissa.com/twisters/,/images/thumbnails/twisters.png
nba-draft,2013-06,http://roadtolarissa.com/nba-draft/,/images/thumbnails/nba-draft.png
meteors,2013-05,http://roadtolarissa.com/meteors/,/images/thumbnails/meteors.png
film-strips,2013-05,http://roadtolarissa.com/film-strips/,/images/thumbnails/film-strips.png
whale-words,2013-01,http://roadtolarissa.com/whalewords,/images/thumbnails/whale-words.png
unemployment-rates,2013-01,http://roadtolarissa.com/unemployment,/images/thumbnails/unemployment-rates.png
sierpinski-triangle,2012-12,http://roadtolarissa.com/triangles/,/images/thumbnails/sierpinski-triangle.png
whitehouse-petitions,2012-12,http://roadtolarissa.com/whitehouse,/images/thumbnails/whitehouse-petitions.png
redditgraphs,2012-10,http://roadtolarissa.com/redditgraphs,/images/thumbnails/redditgraphs.png
backgammon,2012-10,http://roadtolarissa.com/javascript/hangout-boardgames/,/images/thumbnails/backgammon.png
connect-4,2012-09,http://roadtolarissa.com/connect-4-ai-how-it-works/,/images/thumbnails/connect-4.png